cpu%,mem% 
[s[999C[999B[6n[u[H[J[?25l[H[J[s[999C[999B[6n[uTasks:,stopped, 
[s[999C[999B[6n[u[H[J[?25l[H[J[s[999C[999B[6n[uTasks:,stopped, 
[s[999C[999B[6n[u[H[J[?25l[H[J[s[999C[999B[6n[uTasks:,stopped, 
[s[999C[999B[6n[u[H[J[?25l[H[J[s[999C[999B[6n[uTasks:,stopped, 
[s[999C[999B[6n[u[H[J[?25l[H[J[s[999C[999B[6n[uTasks:,stopped, 
[s[999C[999B[6n[u[H[J[?25l[H[J[s[999C[999B[6n[uTasks:,stopped, 
[s[999C[999B[6n[u[H[J[?25l[H[J[s[999C[999B[6n[uTasks:,stopped, 
[s[999C[999B[6n[u[H[J[?25l[H[J[s[999C[999B[6n[uTasks:,stopped, 
[s[999C[999B[6n[u[H[J[?25l[H[J[s[999C[999B[6n[uTasks:,stopped, 
